-- 插入管理员表
INSERT INTO guanli VALUES (001, 'admin', 'admin', 'NO');
INSERT INTO guanli VALUES (002, 'ceshi2', '123456', 'wu');
INSERT INTO guanli VALUES (003, 'admin3', '123456', 'NO');

-- 插入房屋数据
INSERT INTO house VALUES (100001,'1','1002531024','40','一房一厅','广州市花都区海珠康臣街33号2楼201',1,2,500,500);
INSERT INTO house VALUES (100002,'1','1002531024','60','两房一厅','广州市花都区海珠康臣街33号2楼202',1,2,700,700,'2022-03-15','2023-03-15');
INSERT INTO house VALUES (100003,'1','1002531024','20','单间','广州市花都区海珠康臣街33号2楼203',1,2,400,400);
INSERT INTO house VALUES (100004,'1','1002531024','40','一房一厅','广州市花都区海珠康臣街33号3楼301',1,2,500,500);
INSERT INTO house VALUES (100005,'1','1002531024','60','两房一厅','广州市花都区海珠康臣街33号3楼302',0,2,700,700);
INSERT INTO house VALUES (100006,'1','1002531024','40','一房一厅','广州市花都区海珠康臣街33号3楼303',0,2,500,500);
INSERT INTO house VALUES (100007,'1','1002531024','40','一房一厅','广州市花都区海珠康臣街33号4楼401',1,2,500,500);
INSERT INTO house VALUES (100008,'1','1002531024','40','一房一厅','广州市花都区海珠康臣街33号2楼201',1,2,500,500);
INSERT INTO house VALUES (100009,'0','1002531024','120','三房一厅','广州市花都区海珠康臣街33号5楼501',0,3,1200,2400);

-- 插入房东信息

INSERT INTO own VALUES (200001,'own1','123456','','13225784529','13225784529');
INSERT INTO own VALUES (200002,'测试房东','123456','测试文字','13225784522','13225784522');

-- 租客信息

INSERT INTO tenant VALUES(500001,'tenant1','123456','','13326548826','13326548826','男','2022-04-01');
INSERT INTO tenant VALUES(500002,'tenant2','123456','','13326542234','13326542234','男','2022-04-01');
INSERT INTO tenant VALUES(500003,'测试人员','123456','','13234348826','13234348826','女','2022-04-01');
INSERT INTO tenant VALUES(500004,'测试3','123456','','13326234236','13326234236','女','2022-04-01');
INSERT INTO tenant VALUES(500005,'宫崎新','123456','','14232338826','14232338826','男','2022-04-01');
INSERT INTO tenant VALUES(500006,'小岛秀夫','123456','','13983658854','13983658854','女','2022-04-01');
INSERT INTO tenant VALUES(500007,'莫默妮','123456','','13845092826','13845092826','女','2022-04-01');

-- 租约表
INSERT INTO lease VALUES(20222101,100001,200001,500001,'2022-04-01','2023-04-01',500,500,'2022-04-01',4.5,1.3,'');
INSERT INTO lease VALUES(20222102,100002,200001,500002,'2022-04-01','2023-04-01',700,700,'2022-04-01',4.5,1.3,'');
INSERT INTO lease VALUES(20222103,100002,200001,500003,'2022-04-01','2023-04-01',700,700,'2022-04-01',4.5,1.3,'');
INSERT INTO lease VALUES(20222104,100003,200001,500004,'2022-04-01','2023-04-01',400,400,'2022-04-01',4.5,1.3,'');
INSERT INTO lease VALUES(20222105,100004,200001,500005,'2022-04-01','2023-04-01',500,500,'2022-04-01',4.5,1.3,'');
INSERT INTO lease VALUES(20222106,100007,200001,500006,'2022-04-01','2023-04-01',500,500,'2022-04-01',4.5,1.3,'');
INSERT INTO lease VALUES(20222107,100008,200001,500007,'2022-04-01','2023-04-01',500,500,'2022-04-01',4.5,1.3,'');

-- 维修表
INSERT INTO repairhouse VALUES(8088001,100001,1,'2月31日，房屋天花板漏水，经楼上修理水管后完成。','水电维修',500001,200001,'2022-02-28 10:10:31',40,'2022-02-28 14:31:12');
INSERT INTO repairhouse VALUES(8088002,100001,1,'2月31日，空调维修，完成。','家具维修',500001,200001,'2022-02-23 10:10:31',20,'2022-02-24 14:31:12');
INSERT INTO repairhouse VALUES(8088003,100002,1,'2月31日，房屋天花板漏水，经楼上修理水管后完成。','水电维修',500003,200001,'2022-02-28 10:10:31',40,'2022-02-28 14:31:12');

-- 收租表
INSERT INTO rent VALUES(7000001,100001,7251,7259,4521,4621,500,'2022-02-28 14:31:12',1,'');
INSERT INTO rent VALUES(7000002,100002,7251,7259,4521,4621,700,'2022-02-23 14:31:12',0,'');
INSERT INTO rent VALUES(7000003,100001,7251,7259,4521,4621,500,'2022-02-27 14:31:12',1,'');